idle_energy_total,active_energy_total,total_energy_difference,average_exec_time
5911.476968198923,5794.675229439331,-116.8017387595919,6.138641142857144
