idle_energy_total,active_energy_total,total_energy_difference,average_exec_time
5776.493867809994,6156.594790813944,380.1009230039499,10.67381442857143
