idle_energy_total,active_energy_total,total_energy_difference,average_exec_time
5970.144000000185,6002.797139038086,32.65313903790138,22.06320685714286
