idle_energy_total,active_energy_total,total_energy_difference,average_exec_time
6488.001356925322,6365.110454554825,-122.89090237049732,8.119884714285714
