idle_energy_total,active_energy_total,total_energy_difference,average_exec_time
6072.785949406042,5933.246627043649,-139.53932236239325,12.920711285714287
