idle_energy_total,active_energy_total,total_energy_difference,average_exec_time
5712.828524127417,5706.014800329059,-6.813723798358296,9.268394857142857
