idle_energy_total,active_energy_total,total_energy_difference,average_exec_time
5853.206964367023,6253.463723869713,400.25675950269033,22.291024999999998
