idle_energy_total,active_energy_total,total_energy_difference,average_exec_time
5836.9468702087115,5730.587673196438,-106.3591970122734,6.155155714285715
