idle_energy_total,active_energy_total,total_energy_difference,average_exec_time
5912.546779857115,5946.905154501823,34.35837464470751,8.130997428571428
