idle_energy_total,active_energy_total,total_energy_difference,average_exec_time
5756.561507943552,5979.420513855323,222.85900591177142,21.327876428571425
